Size,LinearUnsorted_Best,LinearUnsorted_Worst,LinearSorted_Best,LinearSorted_Worst,Binary_Best,Binary_Worst
100000,0.000000003,0.000000001,0.000000000,0.000000002,0.000000000,0.000000001
200000,0.000000001,0.000000000,0.000000001,0.000000001,0.000000001,0.000000000
400000,0.000000001,0.000000000,0.000000001,0.000000001,0.000000000,0.000000000
600000,0.000000000,0.000000001,0.000000000,0.000000000,0.000000002,0.000000000
800000,0.000000001,0.000000000,0.000000002,0.000000000,0.000000001,0.000000001
1000000,0.000000001,0.000000000,0.000000000,0.000000001,0.000000000,0.000000000
1200000,0.000000000,0.000000001,0.000000000,0.000000000,0.000000001,0.000000000
1400000,0.000000000,0.000000000,0.000000001,0.000000001,0.000000000,0.000000001
1600000,0.000000001,0.000000001,0.000000000,0.000000002,0.000000000,0.000000001
1800000,0.000000000,0.000000001,0.000000000,0.000000001,0.000000001,0.000000001

Size,MaxMinA_Time,MaxMinA_Comps,MaxMinB_Time,MaxMinB_Comps
100000,0.000002000,199998,0.000000000,149998
200000,0.000002000,399998,0.000000000,299998
400000,0.000002000,799998,0.000000000,599998
600000,0.000010000,1199998,0.000001000,899998
800000,0.000002000,1599998,0.000000000,1199998
1000000,0.000001000,1999998,0.000001000,1499998
1200000,0.000001000,2399998,0.000001000,1799998
1400000,0.000001000,2799998,0.000000000,2099998
1600000,0.000003000,3199998,0.000001000,2399998
1800000,0.000002000,3599998,0.000000000,2699998
